compression_ratio,rank,steady_state_relative_loss
0.1, 2, 0.4712003195621209
0.2, 5, 0.39820389774918274
0.3, 7, 0.3621346081097398
0.4, 9, 0.323382183264001
0.5, 12, 0.2785836062319051
0.6, 14, 0.25345775106882196
0.7, 16, 0.22007218440205142
0.8, 18, 0.20160672135277044
0.9, 21, 0.15059099514366922